Segment,EDA Values
1,"[14.570270538330078, 14.570270538330078, 14.570270538330078, 14.509489059448242, 14.479434967041016, 14.570270538330078, 14.570270538330078, 14.570270538330078, 14.570270538330078, 14.570270538330078, 14.570270538330078, 14.63156509399414, 14.600703239440918, 14.570270538330078, 14.63156509399414, 14.570270538330078, 14.570270538330078, 14.570270538330078, 14.63156509399414, 14.570270538330078, 14.662254333496094, 14.693374633789062, 14.693374633789062, 14.724325180053711, 14.724325180053711, 14.724325180053711, 14.75540542602539, 14.724325180053711, 14.724325180053711, 14.786925315856934, 14.881671905517578, 14.850057601928711, 14.881671905517578, 14.850057601928711, 14.850057601928711, 14.881671905517578, 14.977643013000488, 14.881671905517578, 14.9456205368042, 15.042417526245117, 15.042417526245117, 15.074857711791992, 15.20667552947998, 15.37455940246582, 15.37455940246582, 15.442822456359863, 15.546191215515137, 15.686418533325195, 15.757137298583984, 15.757137298583984, 15.901213645935059, 15.901213645935059, 15.828847885131836, 15.757137298583984, 15.757137298583984, 15.686418533325195, 15.580842018127441, 15.546191215515137, 15.511693954467773, 15.47701358795166, 15.442822456359863, 15.340818405151367, 15.20667552947998, 15.20667552947998, 15.173666954040527, 15.042417526245117, 15.010117530822754, 15.010117530822754, 14.913421630859375, 14.881671905517578, 14.881671905517578, 14.881671905517578, 14.881671905517578, 14.881671905517578, 14.881671905517578]"
2,"[14.724325180053711, 14.724325180053711, 14.724325180053711, 14.75540542602539, 14.724325180053711, 14.724325180053711, 14.724325180053711, 14.693374633789062, 14.570270538330078, 14.539963722229004, 14.449211120605469, 14.419405937194824, 14.359874725341797, 14.300830841064453, 14.300830841064453, 14.300830841064453, 14.271634101867676, 14.242555618286133, 14.242555618286133, 14.271634101867676, 14.271634101867676, 14.271634101867676, 14.330435752868652, 14.300830841064453, 14.419405937194824, 14.389723777770996, 14.419405937194824, 14.419405937194824, 14.419405937194824, 14.449211120605469, 14.449211120605469, 14.539963722229004, 14.509489059448242, 14.570270538330078, 14.570270538330078, 14.600703239440918, 14.570270538330078, 14.693374633789062, 14.724325180053711, 14.724325180053711, 14.818270683288574, 14.913421630859375, 14.913421630859375, 15.010117530822754, 15.042417526245117, 15.074857711791992, 15.107759475708008, 15.20667552947998, 15.20667552947998, 15.239828109741211, 15.37455940246582, 15.442822456359863, 15.511693954467773, 15.546191215515137, 15.546191215515137, 15.721698760986328, 15.865124702453613, 15.937467575073242, 16.084875106811523, 16.084875106811523, 16.15960693359375, 16.272830963134766, 16.272830963134766, 16.349321365356445, 16.31079864501953, 16.272830963134766, 16.272830963134766, 16.272830963134766, 16.235036849975586, 16.121973037719727, 16.084875106811523, 16.121973037719727, 16.084875106811523, 16.084875106811523, 16.084875106811523]"
3,"[16.084875106811523, 16.047948837280273, 15.901213645935059, 15.901213645935059, 15.901213645935059, 15.901213645935059, 15.901213645935059, 15.901213645935059, 15.937467575073242, 15.901213645935059, 15.901213645935059, 15.937467575073242, 15.937467575073242, 15.974244117736816, 15.937467575073242, 16.010831832885742, 16.084875106811523, 16.084875106811523, 16.084875106811523, 16.121973037719727, 16.084875106811523, 16.121973037719727, 16.235036849975586, 16.235036849975586, 16.272830963134766, 16.197050094604492, 16.197050094604492, 16.272830963134766, 16.15960693359375, 16.235036849975586, 16.235036849975586, 16.272830963134766, 16.272830963134766, 16.272830963134766, 16.272830963134766, 16.31079864501953, 16.272830963134766, 16.272830963134766, 16.272830963134766, 16.272830963134766, 16.272830963134766, 16.272830963134766, 16.387649536132812, 16.31079864501953, 16.31079864501953, 16.272830963134766, 16.272830963134766, 16.272830963134766, 16.272830963134766, 16.272830963134766, 16.272830963134766, 16.272830963134766, 16.31079864501953, 16.272830963134766, 16.272830963134766, 16.387649536132812, 16.465229034423828, 16.465229034423828, 16.58279037475586, 16.6622314453125, 16.6622314453125, 16.6622314453125, 16.78263282775879, 16.86400604248047, 16.86400604248047, 16.904787063598633, 16.904787063598633, 16.86400604248047, 16.86400604248047, 16.98735237121582, 16.904787063598633, 16.86400604248047, 16.86400604248047, 16.702041625976562, 16.6622314453125]"
4,"[16.622610092163086, 16.465229034423828, 16.465229034423828, 16.465229034423828, 16.426536560058594, 16.272830963134766, 16.272830963134766, 16.272830963134766, 16.272830963134766, 16.235036849975586, 16.197050094604492, 16.121973037719727, 16.084875106811523, 16.121973037719727, 16.084875106811523, 16.15960693359375, 16.084875106811523, 16.084875106811523, 16.084875106811523, 16.084875106811523, 16.121973037719727, 16.121973037719727, 16.084875106811523, 16.084875106811523, 16.121973037719727, 16.15960693359375, 16.084875106811523, 16.15960693359375, 16.235036849975586, 16.235036849975586, 16.272830963134766, 16.272830963134766, 16.197050094604492, 16.235036849975586, 16.272830963134766, 16.272830963134766, 16.272830963134766, 16.272830963134766, 16.31079864501953, 16.349321365356445, 16.272830963134766, 16.31079864501953, 16.31079864501953, 16.465229034423828, 16.426536560058594, 16.426536560058594, 16.426536560058594, 16.465229034423828, 16.465229034423828, 16.465229034423828, 16.465229034423828, 16.465229034423828, 16.465229034423828, 16.465229034423828, 16.622610092163086, 16.58279037475586, 16.6622314453125, 16.622610092163086, 16.6622314453125, 16.6622314453125, 16.6622314453125, 16.622610092163086, 16.622610092163086, 16.622610092163086, 16.6622314453125, 16.50410270690918, 16.622610092163086, 16.6622314453125, 16.6622314453125, 16.6622314453125, 16.6622314453125, 16.6622314453125, 16.6622314453125, 16.7424373626709, 16.702041625976562]"
5,"[16.7424373626709, 16.82341957092285, 16.86400604248047, 16.98735237121582, 16.98735237121582, 16.98735237121582, 16.946170806884766, 16.86400604248047, 16.98735237121582, 16.82341957092285, 16.86400604248047, 16.86400604248047, 16.78263282775879, 16.702041625976562, 16.82341957092285, 16.86400604248047, 16.82341957092285, 16.86400604248047, 16.86400604248047, 16.78263282775879, 16.86400604248047, 16.86400604248047, 16.904787063598633, 17.07072639465332, 17.112516403198242, 17.154922485351562, 17.239953994750977, 17.282577514648438, 17.32541275024414, 17.412147521972656, 17.499753952026367, 17.4560546875, 17.412147521972656, 17.499753952026367, 17.412147521972656, 17.282577514648438, 17.282577514648438, 17.282577514648438, 17.282577514648438, 17.239953994750977, 17.239953994750977, 17.154922485351562, 17.07072639465332, 17.07072639465332, 17.07072639465332, 17.02914047241211, 16.904787063598633, 16.86400604248047, 16.86400604248047, 16.86400604248047, 16.86400604248047, 16.86400604248047, 16.86400604248047, 16.86400604248047, 16.82341957092285, 16.7424373626709, 16.82341957092285, 16.78263282775879, 16.82341957092285, 16.78263282775879, 16.7424373626709, 16.6622314453125, 16.6622314453125, 16.702041625976562, 16.7424373626709, 16.7424373626709, 16.78263282775879, 16.78263282775879, 16.702041625976562, 16.7424373626709, 16.82341957092285, 16.86400604248047, 16.86400604248047, 16.86400604248047, 16.86400604248047]"
6,"[16.86400604248047, 16.904787063598633, 16.946170806884766, 16.946170806884766, 16.98735237121582, 17.07072639465332, 16.98735237121582, 17.02914047241211, 17.07072639465332, 17.07072639465332, 17.07072639465332, 17.07072639465332, 17.07072639465332, 17.07072639465332, 17.07072639465332, 17.07072639465332, 17.07072639465332, 17.07072639465332, 17.112516403198242, 17.112516403198242, 17.112516403198242, 17.112516403198242, 17.154922485351562, 17.154922485351562, 17.239953994750977, 17.282577514648438, 17.197126388549805, 17.239953994750977, 17.239953994750977, 17.282577514648438, 17.282577514648438, 17.282577514648438, 17.282577514648438, 17.282577514648438, 17.282577514648438, 17.282577514648438, 17.32541275024414, 17.282577514648438, 17.282577514648438, 17.282577514648438, 17.32541275024414, 17.32541275024414, 17.36888313293457, 17.412147521972656, 17.282577514648438, 17.32541275024414, 17.4560546875, 17.36888313293457, 17.4560546875, 17.36888313293457, 17.282577514648438, 17.282577514648438, 17.32541275024414, 17.32541275024414, 17.36888313293457, 17.282577514648438, 17.282577514648438, 17.282577514648438, 17.282577514648438, 17.282577514648438, 17.282577514648438, 17.282577514648438, 17.282577514648438, 17.197126388549805, 17.282577514648438, 17.282577514648438, 17.239953994750977, 17.282577514648438, 17.282577514648438, 17.197126388549805, 17.239953994750977, 17.154922485351562, 17.154922485351562, 17.112516403198242, 17.07072639465332]"
7,"[17.07072639465332, 17.112516403198242, 17.07072639465332, 17.07072639465332, 17.07072639465332, 17.07072639465332, 17.02914047241211, 16.98735237121582, 16.946170806884766, 16.904787063598633, 16.86400604248047, 16.86400604248047, 16.86400604248047, 16.86400604248047, 16.86400604248047, 16.86400604248047, 16.86400604248047, 16.86400604248047, 16.82341957092285, 16.86400604248047, 16.86400604248047, 16.86400604248047, 16.82341957092285, 16.7424373626709, 16.702041625976562, 16.7424373626709, 16.702041625976562, 16.702041625976562, 16.6622314453125, 16.6622314453125, 16.6622314453125, 16.6622314453125, 16.6622314453125, 16.6622314453125, 16.6622314453125, 16.622610092163086, 16.6622314453125, 16.6622314453125, 16.6622314453125, 16.622610092163086, 16.58279037475586, 16.54354476928711, 16.465229034423828, 16.465229034423828, 16.465229034423828, 16.465229034423828, 16.465229034423828, 16.426536560058594, 16.426536560058594, 16.465229034423828, 16.465229034423828, 16.465229034423828, 16.426536560058594, 16.465229034423828, 16.387649536132812, 16.349321365356445, 16.31079864501953, 16.349321365356445, 16.31079864501953, 16.272830963134766, 16.272830963134766, 16.235036849975586, 16.235036849975586, 16.121973037719727, 16.121973037719727, 16.121973037719727, 16.084875106811523, 16.084875106811523, 16.084875106811523, 16.084875106811523, 16.084875106811523, 16.084875106811523, 16.084875106811523, 16.084875106811523, 16.084875106811523]"
8,"[16.047948837280273, 16.084875106811523, 16.084875106811523, 16.084875106811523, 16.084875106811523, 16.084875106811523, 16.047948837280273, 16.047948837280273, 15.974244117736816, 16.010831832885742, 16.010831832885742, 15.937467575073242, 15.937467575073242, 15.937467575073242, 15.901213645935059, 15.901213645935059, 15.901213645935059, 15.901213645935059, 15.937467575073242, 15.901213645935059, 15.901213645935059, 15.901213645935059, 15.901213645935059, 15.901213645935059, 15.901213645935059, 15.974244117736816, 15.901213645935059, 15.901213645935059, 15.901213645935059, 15.901213645935059, 15.901213645935059, 15.901213645935059, 15.937467575073242, 15.901213645935059, 15.901213645935059, 15.901213645935059, 15.937467575073242, 15.937467575073242, 15.901213645935059, 15.937467575073242, 15.901213645935059, 15.974244117736816, 16.047948837280273, 16.084875106811523, 16.084875106811523, 16.084875106811523, 16.010831832885742, 15.974244117736816, 16.084875106811523, 15.974244117736816, 16.010831832885742, 15.974244117736816, 15.901213645935059, 15.937467575073242, 15.901213645935059, 15.901213645935059, 15.901213645935059, 15.937467575073242, 15.974244117736816, 15.937467575073242, 15.901213645935059, 15.901213645935059, 15.901213645935059, 15.901213645935059, 15.901213645935059, 15.901213645935059, 15.793086051940918, 15.793086051940918, 15.865124702453613, 15.757137298583984, 15.757137298583984, 15.721698760986328, 15.721698760986328, 15.686418533325195, 15.721698760986328]"
9,"[15.65095329284668, 15.65095329284668, 15.546191215515137, 15.546191215515137, 15.546191215515137, 15.546191215515137, 15.546191215515137, 15.546191215515137, 15.546191215515137, 15.546191215515137, 15.546191215515137, 15.546191215515137, 15.546191215515137, 15.546191215515137, 15.546191215515137, 15.546191215515137, 15.546191215515137, 15.546191215515137, 15.546191215515137, 15.546191215515137, 15.546191215515137, 15.580842018127441, 15.546191215515137, 15.546191215515137, 15.546191215515137, 15.546191215515137, 15.546191215515137, 15.546191215515137, 15.546191215515137, 15.546191215515137, 15.546191215515137, 15.546191215515137, 15.546191215515137, 15.546191215515137, 15.546191215515137, 15.546191215515137, 15.546191215515137, 15.615989685058594, 15.546191215515137, 15.546191215515137, 15.546191215515137, 15.546191215515137, 15.546191215515137, 15.546191215515137, 15.546191215515137, 15.546191215515137, 15.546191215515137, 15.546191215515137, 15.546191215515137, 15.546191215515137, 15.546191215515137, 15.546191215515137, 15.511693954467773, 15.442822456359863, 15.442822456359863, 15.408448219299316, 15.511693954467773, 15.511693954467773, 15.546191215515137, 15.511693954467773, 15.47701358795166, 15.546191215515137, 15.511693954467773, 15.546191215515137, 15.546191215515137, 15.546191215515137, 15.546191215515137, 15.546191215515137, 15.546191215515137, 15.546191215515137, 15.580842018127441, 15.580842018127441, 15.65095329284668, 15.615989685058594, 15.580842018127441]"
10,"[15.721698760986328, 15.65095329284668, 15.686418533325195, 15.686418533325195, 15.546191215515137, 15.580842018127441, 15.615989685058594, 15.580842018127441, 15.580842018127441, 15.546191215515137, 15.546191215515137, 15.546191215515137, 15.546191215515137, 15.546191215515137, 15.546191215515137, 15.580842018127441, 15.546191215515137, 15.546191215515137, 15.580842018127441, 15.580842018127441, 15.546191215515137, 15.546191215515137, 15.546191215515137, 15.546191215515137, 15.546191215515137, 15.580842018127441, 15.546191215515137, 15.546191215515137, 15.511693954467773, 15.511693954467773, 15.511693954467773, 15.442822456359863, 15.37455940246582, 15.37455940246582, 15.47701358795166, 15.442822456359863, 15.511693954467773, 15.47701358795166, 15.511693954467773, 15.511693954467773, 15.442822456359863, 15.408448219299316, 15.511693954467773, 15.47701358795166, 15.442822456359863, 15.511693954467773, 15.546191215515137, 15.511693954467773, 15.546191215515137, 15.546191215515137, 15.546191215515137, 15.511693954467773, 15.546191215515137, 15.546191215515137, 15.546191215515137, 15.511693954467773, 15.511693954467773, 15.47701358795166, 15.47701358795166, 15.47701358795166, 15.408448219299316, 15.408448219299316, 15.511693954467773, 15.47701358795166, 15.37455940246582, 15.37455940246582, 15.37455940246582, 15.37455940246582, 15.37455940246582, 15.408448219299316, 15.408448219299316, 15.408448219299316, 15.511693954467773, 15.511693954467773, 15.511693954467773]"
11,"[15.47701358795166, 15.408448219299316, 15.511693954467773, 15.442822456359863, 15.47701358795166, 15.47701358795166, 15.408448219299316, 15.408448219299316, 15.408448219299316, 15.442822456359863, 15.37455940246582, 15.408448219299316, 15.442822456359863, 15.37455940246582, 15.408448219299316, 15.408448219299316, 15.408448219299316, 15.408448219299316, 15.37455940246582, 15.408448219299316, 15.442822456359863, 15.511693954467773, 15.546191215515137, 15.511693954467773, 15.47701358795166, 15.47701358795166, 15.511693954467773, 15.511693954467773, 15.511693954467773, 15.546191215515137, 15.546191215515137, 15.442822456359863, 15.47701358795166, 15.408448219299316, 15.442822456359863, 15.511693954467773, 15.511693954467773, 15.511693954467773, 15.47701358795166, 15.47701358795166, 15.408448219299316, 15.442822456359863, 15.442822456359863, 15.37455940246582, 15.408448219299316, 15.37455940246582, 15.408448219299316, 15.408448219299316, 15.37455940246582, 15.37455940246582, 15.442822456359863, 15.37455940246582, 15.37455940246582, 15.37455940246582, 15.37455940246582, 15.37455940246582, 15.37455940246582, 15.37455940246582, 15.37455940246582, 15.37455940246582, 15.37455940246582, 15.442822456359863, 15.408448219299316, 15.442822456359863, 15.408448219299316, 15.37455940246582, 15.47701358795166, 15.442822456359863, 15.546191215515137, 15.511693954467773, 15.511693954467773, 15.546191215515137, 15.511693954467773, 15.511693954467773, 15.511693954467773]"
12,"[15.546191215515137, 15.546191215515137, 15.511693954467773, 15.546191215515137, 15.546191215515137, 15.511693954467773, 15.511693954467773, 15.442822456359863, 15.37455940246582, 15.408448219299316, 15.37455940246582, 15.37455940246582, 15.37455940246582, 15.37455940246582, 15.37455940246582, 15.408448219299316, 15.37455940246582, 15.37455940246582, 15.37455940246582, 15.37455940246582, 15.37455940246582, 15.37455940246582, 15.37455940246582, 15.37455940246582, 15.37455940246582, 15.37455940246582, 15.37455940246582, 15.37455940246582, 15.37455940246582, 15.37455940246582, 15.37455940246582, 15.340818405151367, 15.37455940246582, 15.37455940246582, 15.37455940246582, 15.37455940246582, 15.340818405151367, 15.306897163391113, 15.37455940246582, 15.306897163391113, 15.239828109741211, 15.273452758789062, 15.273452758789062, 15.340818405151367, 15.273452758789062, 15.340818405151367, 15.340818405151367, 15.408448219299316, 15.37455940246582, 15.37455940246582, 15.511693954467773, 15.546191215515137, 15.546191215515137, 15.546191215515137, 15.546191215515137, 15.546191215515137, 15.546191215515137, 15.546191215515137, 15.546191215515137, 15.546191215515137, 15.546191215515137, 15.546191215515137, 15.511693954467773, 15.408448219299316, 15.546191215515137, 15.47701358795166, 15.47701358795166, 15.442822456359863, 15.47701358795166, 15.442822456359863, 15.408448219299316, 15.442822456359863, 15.511693954467773, 15.37455940246582, 15.37455940246582]"
13,"[15.37455940246582, 15.37455940246582, 15.37455940246582, 15.408448219299316, 15.37455940246582, 15.37455940246582, 15.37455940246582, 15.340818405151367, 15.306897163391113, 15.239828109741211, 15.273452758789062, 15.306897163391113, 15.239828109741211, 15.20667552947998, 15.20667552947998, 15.273452758789062, 15.20667552947998, 15.20667552947998, 15.239828109741211, 15.239828109741211, 15.20667552947998, 15.20667552947998, 15.20667552947998, 15.20667552947998, 15.20667552947998, 15.20667552947998, 15.20667552947998, 15.20667552947998, 15.20667552947998, 15.20667552947998, 15.173666954040527, 15.20667552947998, 15.20667552947998, 15.20667552947998, 15.20667552947998, 15.20667552947998, 15.173666954040527, 15.173666954040527, 15.173666954040527, 15.20667552947998, 15.20667552947998, 15.20667552947998, 15.20667552947998, 15.173666954040527, 15.20667552947998, 15.20667552947998, 15.173666954040527, 15.20667552947998, 15.20667552947998, 15.20667552947998, 15.20667552947998, 15.20667552947998, 15.20667552947998, 15.140480995178223, 15.140480995178223, 15.173666954040527, 15.107759475708008, 15.140480995178223, 15.074857711791992, 15.042417526245117, 15.042417526245117, 15.042417526245117, 15.074857711791992, 15.042417526245117, 15.042417526245117, 15.042417526245117, 15.042417526245117, 15.010117530822754, 15.010117530822754, 15.042417526245117, 14.977643013000488, 14.9456205368042, 14.9456205368042, 14.9456205368042, 14.913421630859375]"
14,"[14.913421630859375, 14.913421630859375, 14.881671905517578, 14.881671905517578, 14.913421630859375, 14.9456205368042, 14.913421630859375, 14.9456205368042, 14.881671905517578, 14.881671905517578, 14.881671905517578, 14.881671905517578, 14.881671905517578, 14.881671905517578, 14.913421630859375, 14.881671905517578, 14.881671905517578, 14.881671905517578, 14.881671905517578, 14.881671905517578, 14.881671905517578, 14.881671905517578, 14.850057601928711, 14.850057601928711, 14.786925315856934, 14.881671905517578, 14.850057601928711, 14.881671905517578, 14.818270683288574, 14.850057601928711, 14.818270683288574, 14.786925315856934, 14.75540542602539, 14.75540542602539, 14.724325180053711, 14.724325180053711, 14.724325180053711, 14.724325180053711, 14.724325180053711, 14.724325180053711, 14.693374633789062, 14.693374633789062, 14.63156509399414, 14.662254333496094, 14.662254333496094, 14.63156509399414, 14.63156509399414, 14.570270538330078, 14.570270538330078, 14.570270538330078, 14.63156509399414, 14.63156509399414, 14.570270538330078, 14.600703239440918, 14.570270538330078, 14.570270538330078, 14.570270538330078, 14.539963722229004, 14.570270538330078, 14.539963722229004, 14.570270538330078, 14.539963722229004, 14.570270538330078, 14.570270538330078, 14.570270538330078, 14.570270538330078, 14.539963722229004, 14.479434967041016, 14.479434967041016, 14.509489059448242, 14.449211120605469, 14.449211120605469, 14.479434967041016, 14.449211120605469, 14.479434967041016]"
15,"[14.419405937194824, 14.449211120605469, 14.389723777770996, 14.419405937194824, 14.419405937194824, 14.419405937194824, 14.419405937194824, 14.389723777770996, 14.419405937194824, 14.359874725341797, 14.419405937194824, 14.300830841064453, 14.271634101867676, 14.300830841064453, 14.330435752868652, 14.271634101867676, 14.300830841064453, 14.271634101867676, 14.271634101867676, 14.271634101867676, 14.271634101867676, 14.271634101867676, 14.271634101867676, 14.271634101867676, 14.271634101867676, 14.300830841064453, 14.271634101867676, 14.271634101867676, 14.271634101867676, 14.271634101867676, 14.271634101867676, 14.184473037719727, 14.15546703338623, 14.242555618286133, 14.184473037719727, 14.126859664916992, 14.15546703338623, 14.213314056396484, 14.184473037719727, 14.15546703338623, 14.126859664916992, 14.15546703338623, 14.15546703338623, 14.242555618286133, 14.271634101867676, 14.300830841064453, 14.419405937194824, 14.419405937194824, 14.449211120605469, 14.570270538330078, 14.570270538330078, 14.693374633789062, 14.786925315856934, 14.850057601928711, 14.881671905517578, 14.977643013000488, 15.042417526245117, 15.042417526245117, 15.042417526245117, 15.042417526245117, 15.042417526245117, 15.042417526245117, 15.042417526245117, 15.042417526245117, 15.042417526245117, 14.913421630859375, 14.881671905517578, 14.881671905517578, 14.818270683288574, 14.724325180053711, 14.693374633789062, 14.570270538330078, 14.570270538330078, 14.570270538330078, 14.479434967041016]"
16,"[14.419405937194824, 14.419405937194824, 14.330435752868652, 14.271634101867676, 14.271634101867676, 14.184473037719727, 14.126859664916992, 14.126859664916992, 14.126859664916992, 14.126859664916992, 14.041452407836914, 14.041452407836914, 14.098367691040039, 13.984994888305664, 13.984994888305664, 14.013029098510742, 13.984994888305664, 13.984994888305664, 13.984994888305664, 13.984994888305664, 13.984994888305664, 13.957072257995605, 13.957072257995605, 13.984994888305664, 13.984994888305664, 13.984994888305664, 13.984994888305664, 13.984994888305664, 14.041452407836914, 14.126859664916992, 14.126859664916992, 14.126859664916992, 14.126859664916992, 14.126859664916992, 14.013029098510742, 13.984994888305664, 13.845949172973633, 13.818578720092773, 13.709641456604004, 13.655814170837402, 13.5759916305542, 13.497095108032227, 13.367536544799805, 13.265569686889648, 13.215167999267578, 13.190231323242188, 13.190231323242188, 13.066471099853516, 13.066471099853516, 12.96902847290039, 12.945011138916016, 12.921083450317383, 12.825787544250488, 12.825787544250488, 12.825787544250488, 12.755350112915039, 12.755350112915039, 12.755350112915039, 12.731889724731445, 12.708742141723633, 12.731889724731445, 12.708742141723633, 12.755350112915039, 12.708742141723633, 12.708742141723633, 12.708742141723633, 12.708742141723633, 12.708742141723633, 12.708742141723633, 12.708742141723633, 12.68567943572998, 12.708742141723633, 12.68567943572998, 12.708742141723633, 12.708742141723633]"
17,"[12.708742141723633, 12.708742141723633, 12.731889724731445, 12.802298545837402, 12.825787544250488, 12.802298545837402, 12.825787544250488, 12.825787544250488, 12.825787544250488, 12.825787544250488, 12.825787544250488, 12.825787544250488, 12.89700984954834, 12.873259544372559, 12.945011138916016, 12.945011138916016, 12.945011138916016, 12.945011138916016, 12.945011138916016, 12.945011138916016, 13.017566680908203, 13.042092323303223, 12.993370056152344, 13.017566680908203, 13.066471099853516, 12.96902847290039, 13.042092323303223, 13.042092323303223, 13.042092323303223, 13.066471099853516, 13.066471099853516, 13.042092323303223, 13.042092323303223, 13.066471099853516, 13.066471099853516, 13.042092323303223, 13.066471099853516, 13.017566680908203, 12.993370056152344, 13.066471099853516, 13.066471099853516, 13.066471099853516, 13.042092323303223, 13.042092323303223, 13.017566680908203, 13.042092323303223, 13.066471099853516, 12.96902847290039, 12.993370056152344, 12.96902847290039, 12.96902847290039, 12.96902847290039, 12.993370056152344, 13.017566680908203, 12.993370056152344, 13.017566680908203, 13.042092323303223, 13.042092323303223, 13.017566680908203, 12.945011138916016, 12.945011138916016, 12.921083450317383, 12.921083450317383, 12.873259544372559, 12.921083450317383, 12.849364280700684, 12.921083450317383, 12.89700984954834, 12.89700984954834, 12.849364280700684, 12.89700984954834, 12.849364280700684, 12.825787544250488, 12.825787544250488, 12.802298545837402]"
18,"[12.778667449951172, 12.778667449951172, 12.708742141723633, 12.755350112915039, 12.755350112915039, 12.755350112915039, 12.731889724731445, 12.731889724731445, 12.708742141723633, 12.708742141723633, 12.708742141723633, 12.639579772949219, 12.61654281616211, 12.593812942504883, 12.61654281616211, 12.593812942504883, 12.593812942504883, 12.57116413116455, 12.593812942504883, 12.593812942504883, 12.52589225769043, 12.52589225769043, 12.503267288208008, 12.503267288208008, 12.52589225769043, 12.503267288208008, 12.593812942504883, 12.593812942504883, 12.593812942504883, 12.593812942504883, 12.593812942504883, 12.61654281616211, 12.593812942504883, 12.593812942504883, 12.593812942504883, 12.593812942504883, 12.593812942504883, 12.593812942504883, 12.593812942504883, 12.639579772949219, 12.6624755859375, 12.68567943572998, 12.68567943572998, 12.68567943572998, 12.708742141723633, 12.708742141723633, 12.708742141723633, 12.708742141723633, 12.708742141723633, 12.731889724731445, 12.802298545837402, 12.755350112915039, 12.755350112915039, 12.802298545837402, 12.731889724731445, 12.708742141723633, 12.755350112915039, 12.778667449951172, 12.708742141723633, 12.708742141723633, 12.708742141723633, 12.708742141723633, 12.731889724731445, 12.778667449951172, 12.778667449951172, 12.825787544250488, 12.825787544250488, 12.825787544250488, 12.825787544250488, 12.825787544250488, 12.825787544250488, 12.825787544250488, 12.825787544250488, 12.802298545837402, 12.755350112915039]"
19,"[12.755350112915039, 12.755350112915039, 12.731889724731445, 12.731889724731445, 12.755350112915039, 12.731889724731445, 12.802298545837402, 12.802298545837402, 12.825787544250488, 12.755350112915039, 12.802298545837402, 12.778667449951172, 12.755350112915039, 12.708742141723633, 12.778667449951172, 12.778667449951172, 12.825787544250488, 12.825787544250488, 12.849364280700684, 12.825787544250488, 12.825787544250488, 12.873259544372559, 12.89700984954834, 12.873259544372559, 12.873259544372559, 12.89700984954834, 12.945011138916016, 12.945011138916016, 12.945011138916016, 13.042092323303223, 13.017566680908203, 13.042092323303223, 13.042092323303223, 13.042092323303223, 13.066471099853516, 13.042092323303223, 13.042092323303223, 13.066471099853516, 13.066471099853516, 13.066471099853516, 13.066471099853516, 13.066471099853516, 13.066471099853516, 13.066471099853516, 13.066471099853516, 13.066471099853516, 13.066471099853516, 13.066471099853516, 13.066471099853516, 13.066471099853516, 13.042092323303223, 13.066471099853516, 13.066471099853516, 13.066471099853516, 13.066471099853516, 13.090940475463867, 13.115742683410645, 13.165390014648438, 13.165390014648438, 13.190231323242188, 13.190231323242188, 13.215167999267578, 13.240443229675293, 13.265569686889648, 13.291040420532227, 13.291040420532227, 13.316360473632812, 13.341774940490723, 13.367536544799805, 13.367536544799805, 13.341774940490723, 13.316360473632812, 13.341774940490723, 13.316360473632812, 13.316360473632812]"
20,"[13.316360473632812, 13.316360473632812, 13.316360473632812, 13.316360473632812, 13.419112205505371, 13.393149375915527, 13.44492244720459, 13.367536544799805, 13.367536544799805, 13.341774940490723, 13.393149375915527, 13.44492244720459, 13.419112205505371, 13.341774940490723, 13.341774940490723, 13.316360473632812, 13.316360473632812, 13.341774940490723, 13.393149375915527, 13.341774940490723, 13.393149375915527, 13.341774940490723, 13.341774940490723, 13.367536544799805, 13.393149375915527, 13.44492244720459, 13.419112205505371, 13.341774940490723, 13.419112205505371, 13.44492244720459, 13.44492244720459, 13.44492244720459, 13.44492244720459, 13.470830917358398, 13.470830917358398, 13.549676895141602, 13.470830917358398, 13.523205757141113, 13.5759916305542, 13.549676895141602, 13.5759916305542, 13.5759916305542, 13.549676895141602, 13.5759916305542, 13.5759916305542, 13.5759916305542, 13.5759916305542, 13.5759916305542, 13.5759916305542, 13.5759916305542, 13.5759916305542, 13.5759916305542, 13.5759916305542, 13.5759916305542, 13.5759916305542, 13.602408409118652, 13.5759916305542, 13.5759916305542, 13.5759916305542, 13.5759916305542, 13.602408409118652, 13.5759916305542, 13.5759916305542, 13.549676895141602, 13.5759916305542, 13.5759916305542, 13.5759916305542, 13.629188537597656, 13.602408409118652, 13.5759916305542, 13.5759916305542, 13.5759916305542, 13.5759916305542, 13.5759916305542, 13.5759916305542]"
21,"[13.602408409118652, 13.655814170837402, 13.655814170837402, 13.629188537597656, 13.629188537597656, 13.655814170837402, 13.709641456604004, 13.629188537597656, 13.629188537597656, 13.5759916305542, 13.5759916305542, 13.709641456604004, 13.709641456604004, 13.709641456604004, 13.709641456604004, 13.709641456604004, 13.709641456604004, 13.818578720092773, 13.763894081115723, 13.818578720092773, 13.845949172973633, 13.845949172973633, 13.873428344726562, 13.984994888305664, 14.041452407836914, 14.069714546203613, 14.213314056396484, 14.300830841064453, 14.359874725341797, 14.419405937194824, 14.449211120605469, 14.419405937194824, 14.479434967041016, 14.419405937194824, 14.419405937194824, 14.419405937194824, 14.419405937194824, 14.449211120605469, 14.419405937194824, 14.419405937194824, 14.419405937194824, 14.419405937194824, 14.419405937194824, 14.419405937194824, 14.419405937194824, 14.419405937194824, 14.389723777770996, 14.419405937194824, 14.359874725341797, 14.389723777770996, 14.419405937194824, 14.419405937194824, 14.419405937194824, 14.419405937194824, 14.419405937194824, 14.419405937194824, 14.419405937194824, 14.419405937194824, 14.449211120605469, 14.509489059448242, 14.570270538330078, 14.570270538330078, 14.570270538330078, 14.539963722229004, 14.539963722229004, 14.570270538330078, 14.570270538330078, 14.570270538330078, 14.570270538330078, 14.570270538330078, 14.570270538330078, 14.570270538330078, 14.570270538330078, 14.570270538330078, 14.570270538330078]"
22,"[14.570270538330078, 14.570270538330078, 14.570270538330078, 14.570270538330078, 14.570270538330078, 14.570270538330078, 14.570270538330078, 14.570270538330078, 14.570270538330078, 14.570270538330078, 14.570270538330078, 14.570270538330078, 14.570270538330078, 14.570270538330078, 14.600703239440918, 14.600703239440918, 14.600703239440918, 14.600703239440918, 14.63156509399414, 14.63156509399414, 14.63156509399414, 14.570270538330078, 14.570270538330078, 14.662254333496094, 14.662254333496094, 14.600703239440918, 14.63156509399414, 14.63156509399414, 14.570270538330078, 14.570270538330078, 14.570270538330078, 14.570270538330078, 14.570270538330078, 14.570270538330078, 14.570270538330078, 14.570270538330078, 14.570270538330078, 14.509489059448242, 14.479434967041016, 14.449211120605469, 14.419405937194824, 14.449211120605469, 14.419405937194824, 14.419405937194824, 14.419405937194824, 14.419405937194824, 14.419405937194824, 14.389723777770996, 14.419405937194824, 14.419405937194824, 14.419405937194824, 14.419405937194824, 14.419405937194824, 14.419405937194824, 14.419405937194824, 14.389723777770996, 14.359874725341797, 14.419405937194824, 14.389723777770996, 14.300830841064453, 14.389723777770996, 14.389723777770996, 14.271634101867676, 14.389723777770996, 14.330435752868652, 14.359874725341797, 14.359874725341797, 14.300830841064453, 14.419405937194824, 14.419405937194824, 14.419405937194824, 14.419405937194824, 14.419405937194824, 14.479434967041016, 14.449211120605469]"
23,"[14.449211120605469, 14.419405937194824, 14.479434967041016, 14.570270538330078, 14.570270538330078, 14.509489059448242, 14.509489059448242, 14.419405937194824, 14.509489059448242, 14.539963722229004, 14.539963722229004, 14.449211120605469, 14.449211120605469, 14.449211120605469, 14.449211120605469, 14.449211120605469, 14.419405937194824, 14.419405937194824, 14.389723777770996, 14.419405937194824, 14.419405937194824, 14.419405937194824, 14.389723777770996, 14.419405937194824, 14.419405937194824, 14.389723777770996, 14.389723777770996, 14.389723777770996, 14.419405937194824, 14.359874725341797, 14.330435752868652, 14.271634101867676, 14.271634101867676, 14.300830841064453, 14.271634101867676, 14.271634101867676, 14.271634101867676, 14.271634101867676, 14.271634101867676, 14.271634101867676, 14.271634101867676, 14.271634101867676, 14.271634101867676, 14.271634101867676, 14.271634101867676, 14.271634101867676, 14.271634101867676, 14.271634101867676, 14.271634101867676, 14.271634101867676, 14.213314056396484, 14.184473037719727, 14.184473037719727, 14.126859664916992, 14.213314056396484, 14.15546703338623, 14.213314056396484, 14.126859664916992, 14.126859664916992, 14.126859664916992, 14.126859664916992, 14.041452407836914, 14.013029098510742, 13.984994888305664, 13.984994888305664, 14.013029098510742, 13.984994888305664, 13.984994888305664, 13.984994888305664, 13.984994888305664, 13.984994888305664, 13.984994888305664, 13.984994888305664, 13.984994888305664, 13.901288032531738]"
24,"[13.928988456726074, 13.984994888305664, 13.873428344726562, 13.928988456726074, 13.984994888305664, 13.957072257995605, 13.845949172973633, 13.873428344726562, 13.845949172973633, 13.845949172973633, 13.873428344726562, 13.845949172973633, 13.845949172973633, 13.845949172973633, 13.845949172973633, 13.845949172973633, 13.845949172973633, 13.845949172973633, 13.845949172973633, 13.845949172973633, 13.845949172973633, 13.873428344726562, 13.818578720092773, 13.845949172973633, 13.845949172973633, 13.873428344726562, 13.845949172973633, 13.845949172973633, 13.845949172973633, 13.845949172973633, 13.845949172973633, 13.873428344726562, 13.901288032531738, 13.845949172973633, 13.845949172973633, 13.928988456726074, 13.901288032531738, 13.957072257995605, 13.957072257995605, 13.928988456726074, 13.957072257995605, 13.984994888305664, 13.928988456726074, 13.957072257995605, 13.901288032531738, 13.901288032531738, 13.873428344726562, 13.928988456726074, 13.928988456726074, 13.901288032531738, 13.845949172973633, 13.845949172973633, 13.845949172973633, 13.845949172973633, 13.873428344726562, 13.845949172973633, 13.845949172973633, 13.845949172973633, 13.901288032531738, 13.873428344726562, 13.901288032531738, 13.873428344726562, 13.901288032531738, 13.928988456726074, 13.928988456726074, 13.928988456726074, 13.901288032531738, 13.928988456726074, 13.957072257995605, 13.984994888305664, 13.928988456726074, 13.984994888305664, 13.873428344726562, 13.928988456726074, 13.901288032531738]"
25,"[13.901288032531738, 13.845949172973633, 13.873428344726562, 13.901288032531738, 13.873428344726562, 13.901288032531738, 13.845949172973633, 13.873428344726562, 13.873428344726562, 13.845949172973633, 13.845949172973633, 13.873428344726562, 13.845949172973633, 13.845949172973633, 13.845949172973633, 13.845949172973633, 13.873428344726562, 13.845949172973633, 13.845949172973633, 13.845949172973633, 13.845949172973633, 13.818578720092773, 13.818578720092773, 13.818578720092773, 13.845949172973633, 13.845949172973633, 13.845949172973633, 13.845949172973633, 13.845949172973633, 13.845949172973633, 13.845949172973633, 13.873428344726562, 13.845949172973633, 13.845949172973633, 13.845949172973633, 13.845949172973633, 13.845949172973633, 13.873428344726562, 13.873428344726562, 13.845949172973633, 13.873428344726562, 13.845949172973633, 13.845949172973633, 13.845949172973633, 13.845949172973633, 13.845949172973633, 13.845949172973633, 13.845949172973633, 13.845949172973633, 13.845949172973633, 13.845949172973633, 13.845949172973633, 13.845949172973633, 13.845949172973633, 13.845949172973633, 13.818578720092773, 13.818578720092773, 13.845949172973633, 13.818578720092773, 13.818578720092773, 13.845949172973633, 13.845949172973633, 13.818578720092773, 13.791048049926758, 13.845949172973633, 13.845949172973633, 13.845949172973633, 13.791048049926758, 13.818578720092773, 13.791048049926758, 13.791048049926758, 13.818578720092773, 13.791048049926758, 13.818578720092773, 13.818578720092773]"
26,"[13.763894081115723, 13.763894081115723, 13.845949172973633, 13.845949172973633, 13.791048049926758, 13.736581802368164, 13.845949172973633, 13.818578720092773, 13.791048049926758, 13.845949172973633, 13.818578720092773, 13.845949172973633, 13.818578720092773, 13.818578720092773, 13.845949172973633, 13.845949172973633, 13.845949172973633, 13.845949172973633, 13.818578720092773, 13.818578720092773, 13.763894081115723, 13.763894081115723, 13.763894081115723, 13.709641456604004, 13.709641456604004, 13.736581802368164, 13.736581802368164, 13.736581802368164, 13.736581802368164, 13.709641456604004, 13.709641456604004, 13.709641456604004, 13.709641456604004, 13.709641456604004, 13.709641456604004, 13.655814170837402, 13.709641456604004, 13.709641456604004, 13.709641456604004, 13.682806015014648, 13.655814170837402, 13.655814170837402, 13.602408409118652, 13.602408409118652, 13.602408409118652, 13.5759916305542, 13.629188537597656, 13.682806015014648, 13.629188537597656, 13.655814170837402, 13.655814170837402, 13.629188537597656, 13.709641456604004, 13.709641456604004, 13.682806015014648, 13.709641456604004, 13.682806015014648, 13.709641456604004, 13.682806015014648, 13.709641456604004, 13.629188537597656, 13.682806015014648, 13.655814170837402, 13.602408409118652, 13.655814170837402, 13.655814170837402, 13.602408409118652, 13.602408409118652, 13.5759916305542, 13.655814170837402, 13.709641456604004, 13.655814170837402, 13.629188537597656, 13.655814170837402, 13.682806015014648]"
27,"[13.655814170837402, 13.602408409118652, 13.5759916305542, 13.5759916305542, 13.549676895141602, 13.549676895141602, 13.5759916305542, 13.549676895141602, 13.5759916305542, 13.523205757141113, 13.497095108032227, 13.497095108032227, 13.470830917358398, 13.44492244720459, 13.44492244720459, 13.44492244720459, 13.44492244720459, 13.419112205505371, 13.419112205505371, 13.419112205505371, 13.393149375915527, 13.393149375915527, 13.419112205505371, 13.419112205505371, 13.419112205505371, 13.44492244720459, 13.44492244720459, 13.44492244720459, 13.44492244720459, 13.419112205505371, 13.419112205505371, 13.419112205505371, 13.44492244720459, 13.393149375915527, 13.44492244720459, 13.44492244720459, 13.44492244720459, 13.44492244720459, 13.44492244720459, 13.44492244720459, 13.44492244720459, 13.44492244720459, 13.44492244720459, 13.44492244720459, 13.470830917358398, 13.44492244720459, 13.44492244720459, 13.44492244720459, 13.44492244720459, 13.44492244720459, 13.44492244720459, 13.44492244720459, 13.44492244720459, 13.44492244720459, 13.44492244720459, 13.44492244720459, 13.44492244720459, 13.419112205505371, 13.44492244720459, 13.44492244720459, 13.44492244720459, 13.44492244720459, 13.44492244720459, 13.44492244720459, 13.44492244720459, 13.419112205505371, 13.419112205505371, 13.44492244720459, 13.44492244720459, 13.419112205505371, 13.419112205505371, 13.367536544799805, 13.393149375915527, 13.419112205505371, 13.393149375915527]"
28,"[13.44492244720459, 13.419112205505371, 13.393149375915527, 13.44492244720459, 13.44492244720459, 13.44492244720459, 13.44492244720459, 13.44492244720459, 13.44492244720459, 13.44492244720459, 13.44492244720459, 13.44492244720459, 13.44492244720459, 13.419112205505371, 13.419112205505371, 13.419112205505371, 13.341774940490723, 13.316360473632812, 13.367536544799805, 13.341774940490723, 13.316360473632812, 13.316360473632812, 13.316360473632812, 13.316360473632812, 13.316360473632812, 13.316360473632812, 13.316360473632812, 13.316360473632812, 13.291040420532227, 13.291040420532227, 13.316360473632812, 13.316360473632812, 13.291040420532227, 13.291040420532227, 13.291040420532227, 13.316360473632812, 13.291040420532227, 13.215167999267578, 13.265569686889648, 13.291040420532227, 13.240443229675293, 13.240443229675293, 13.190231323242188, 13.240443229675293, 13.240443229675293, 13.240443229675293, 13.265569686889648, 13.265569686889648, 13.291040420532227, 13.316360473632812, 13.291040420532227, 13.240443229675293, 13.265569686889648, 13.265569686889648, 13.265569686889648, 13.215167999267578, 13.190231323242188, 13.190231323242188, 13.240443229675293, 13.240443229675293, 13.215167999267578, 13.190231323242188, 13.190231323242188, 13.190231323242188, 13.190231323242188, 13.190231323242188, 13.190231323242188, 13.190231323242188, 13.190231323242188, 13.190231323242188, 13.190231323242188, 13.190231323242188, 13.190231323242188, 13.190231323242188, 13.190231323242188]"
29,"[13.190231323242188, 13.190231323242188, 13.190231323242188, 13.190231323242188, 13.190231323242188, 13.190231323242188, 13.190231323242188, 13.291040420532227, 13.190231323242188, 13.215167999267578, 13.190231323242188, 13.265569686889648, 13.215167999267578, 13.265569686889648, 13.190231323242188, 13.265569686889648, 13.240443229675293, 13.215167999267578, 13.215167999267578, 13.240443229675293, 13.190231323242188, 13.190231323242188, 13.190231323242188, 13.190231323242188, 13.190231323242188, 13.190231323242188, 13.190231323242188, 13.140398025512695, 13.190231323242188, 13.165390014648438, 13.190231323242188, 13.140398025512695, 13.190231323242188, 13.140398025512695, 13.066471099853516, 13.090940475463867, 13.066471099853516, 13.066471099853516, 13.066471099853516, 13.066471099853516, 13.066471099853516, 13.066471099853516, 13.066471099853516, 13.090940475463867, 13.090940475463867, 13.090940475463867, 13.066471099853516, 13.090940475463867, 13.090940475463867, 13.140398025512695, 13.165390014648438, 13.190231323242188, 13.190231323242188, 13.190231323242188, 13.265569686889648, 13.240443229675293, 13.316360473632812, 13.316360473632812, 13.316360473632812, 13.316360473632812, 13.316360473632812, 13.316360473632812, 13.316360473632812, 13.291040420532227, 13.316360473632812, 13.316360473632812, 13.316360473632812, 13.341774940490723, 13.316360473632812, 13.341774940490723, 13.316360473632812, 13.341774940490723, 13.393149375915527, 13.341774940490723, 13.316360473632812]"
30,"[13.316360473632812, 13.316360473632812, 13.316360473632812, 13.316360473632812, 13.316360473632812, 13.316360473632812, 13.265569686889648, 13.291040420532227, 13.215167999267578, 13.240443229675293, 13.190231323242188, 13.190231323242188, 13.190231323242188, 13.165390014648438, 13.190231323242188, 13.140398025512695, 13.165390014648438, 13.090940475463867, 13.115742683410645, 13.066471099853516, 13.140398025512695, 13.066471099853516, 13.066471099853516, 13.066471099853516, 13.042092323303223, 13.042092323303223, 12.993370056152344, 12.96902847290039, 13.017566680908203, 12.945011138916016, 12.945011138916016, 12.921083450317383, 12.89700984954834, 12.873259544372559, 12.849364280700684, 12.825787544250488, 12.825787544250488, 12.825787544250488, 12.825787544250488, 12.849364280700684, 12.873259544372559, 12.873259544372559, 12.921083450317383, 12.921083450317383, 12.945011138916016, 12.921083450317383, 12.921083450317383, 12.873259544372559, 12.849364280700684, 12.825787544250488, 12.825787544250488, 12.825787544250488, 12.825787544250488, 12.825787544250488, 12.755350112915039, 12.755350112915039, 12.802298545837402, 12.755350112915039, 12.708742141723633, 12.708742141723633, 12.708742141723633, 12.708742141723633, 12.708742141723633, 12.708742141723633, 12.6624755859375, 12.6624755859375, 12.639579772949219, 12.6624755859375, 12.6624755859375, 12.68567943572998, 12.6624755859375, 12.68567943572998, 12.61654281616211, 12.593812942504883, 12.593812942504883]"
31,"[12.593812942504883, 12.593812942504883, 12.593812942504883, 12.593812942504883, 12.593812942504883, 12.593812942504883, 12.503267288208008, 12.52589225769043, 12.52589225769043, 12.503267288208008, 12.503267288208008, 12.57116413116455, 12.57116413116455, 12.593812942504883, 12.61654281616211, 12.61654281616211, 12.68567943572998, 12.708742141723633, 12.708742141723633, 12.708742141723633, 12.708742141723633, 12.708742141723633, 12.708742141723633, 12.708742141723633, 12.708742141723633, 12.708742141723633, 12.708742141723633, 12.708742141723633, 12.708742141723633, 12.708742141723633, 12.731889724731445, 12.755350112915039, 12.802298545837402, 12.778667449951172, 12.755350112915039, 12.755350112915039, 12.778667449951172, 12.755350112915039, 12.708742141723633, 12.708742141723633, 12.708742141723633, 12.6624755859375, 12.593812942504883, 12.61654281616211, 12.593812942504883, 12.593812942504883, 12.593812942504883, 12.593812942504883, 12.57116413116455, 12.593812942504883, 12.593812942504883, 12.593812942504883, 12.57116413116455, 12.52589225769043, 12.54837703704834, 12.48094367980957, 12.52589225769043, 12.52589225769043, 12.48094367980957, 12.48094367980957, 12.48094367980957, 12.48094367980957, 12.48094367980957, 12.48094367980957, 12.48094367980957, 12.48094367980957, 12.458699226379395, 12.48094367980957, 12.414231300354004, 12.392007827758789, 12.392007827758789, 12.370079040527344, 12.370079040527344, 12.392007827758789, 12.370079040527344]"
32,"[12.370079040527344, 12.348228454589844, 12.348228454589844, 12.261167526245117, 12.282711029052734, 12.261167526245117, 12.261167526245117, 12.261167526245117, 12.261167526245117, 12.218095779418945, 12.196778297424316, 12.175325393676758, 12.154155731201172, 12.154155731201172, 12.154155731201172, 12.154155731201172, 12.154155731201172, 12.154155731201172, 12.069801330566406, 12.048996925354004, 12.048996925354004, 11.986810684204102, 11.945642471313477, 11.945642471313477, 11.945642471313477, 11.966090202331543, 11.945642471313477, 11.945642471313477, 11.945642471313477, 11.904755592346191, 11.86414623260498, 11.844045639038086, 11.844045639038086, 11.82401180267334, 11.783950805664062, 11.803849220275879, 11.763927459716797, 11.783950805664062, 11.803849220275879, 11.763927459716797, 11.763927459716797, 11.744162559509277, 11.744162559509277, 11.744162559509277, 11.744162559509277, 11.744162559509277, 11.70464038848877, 11.724464416503906, 11.744162559509277, 11.744162559509277, 11.744162559509277, 11.744162559509277, 11.724464416503906, 11.70464038848877, 11.70464038848877, 11.645949363708496, 11.685074806213379, 11.665384292602539, 11.645949363708496, 11.645949363708496, 11.645949363708496, 11.645949363708496, 11.645949363708496, 11.645949363708496, 11.645949363708496, 11.645949363708496, 11.645949363708496, 11.645949363708496, 11.645949363708496, 11.645949363708496, 11.645949363708496, 11.626579284667969, 11.645949363708496, 11.645949363708496, 11.645949363708496]"
33,"[11.645949363708496, 11.645949363708496, 11.645949363708496, 11.645949363708496, 11.645949363708496, 11.645949363708496, 11.58784294128418, 11.56847858428955, 11.607084274291992, 11.549365043640137, 11.549365043640137, 11.549365043640137, 11.549365043640137, 11.549365043640137, 11.58784294128418, 11.549365043640137, 11.549365043640137, 11.549365043640137, 11.549365043640137, 11.549365043640137, 11.549365043640137, 11.511140823364258, 11.45436954498291, 11.45436954498291, 11.45436954498291, 11.45436954498291, 11.45436954498291, 11.43563175201416, 11.43563175201416, 11.43563175201416, 11.398155212402344, 11.379419326782227, 11.398155212402344, 11.379419326782227, 11.379419326782227, 11.360925674438477, 11.360925674438477, 11.360925674438477, 11.379419326782227, 11.379419326782227, 11.360925674438477, 11.360925674438477, 11.360925674438477, 11.360925674438477, 11.360925674438477, 11.360925674438477, 11.360925674438477, 11.360925674438477, 11.360925674438477, 11.379419326782227, 11.360925674438477, 11.360925674438477, 11.379419326782227, 11.360925674438477, 11.45436954498291, 11.416770935058594, 11.416770935058594, 11.416770935058594, 11.43563175201416, 11.398155212402344, 11.379419326782227, 11.360925674438477, 11.379419326782227, 11.360925674438477, 11.360925674438477, 11.379419326782227, 11.360925674438477, 11.379419326782227, 11.416770935058594, 11.416770935058594, 11.45436954498291, 11.45436954498291, 11.43563175201416, 11.379419326782227, 11.43563175201416]"
34,"[11.398155212402344, 11.379419326782227, 11.379419326782227, 11.360925674438477, 11.398155212402344, 11.416770935058594, 11.398155212402344, 11.398155212402344, 11.45436954498291, 11.416770935058594, 11.43563175201416, 11.398155212402344, 11.416770935058594, 11.43563175201416, 11.416770935058594, 11.45436954498291, 11.45436954498291, 11.45436954498291, 11.45436954498291, 11.45436954498291, 11.45436954498291, 11.45436954498291, 11.492217063903809, 11.492217063903809, 11.473170280456543, 11.473170280456543, 11.530315399169922, 11.473170280456543, 11.45436954498291, 11.492217063903809, 11.492217063903809, 11.511140823364258, 11.530315399169922, 11.492217063903809, 11.45436954498291, 11.45436954498291, 11.45436954498291, 11.45436954498291, 11.473170280456543, 11.473170280456543, 11.473170280456543, 11.492217063903809, 11.492217063903809, 11.511140823364258, 11.530315399169922, 11.492217063903809, 11.511140823364258, 11.492217063903809, 11.45436954498291, 11.45436954498291, 11.45436954498291, 11.45436954498291, 11.45436954498291, 11.473170280456543, 11.45436954498291, 11.45436954498291, 11.45436954498291, 11.45436954498291, 11.473170280456543, 11.45436954498291, 11.45436954498291, 11.45436954498291, 11.45436954498291, 11.43563175201416, 11.43563175201416, 11.45436954498291, 11.45436954498291, 11.45436954498291, 11.45436954498291, 11.45436954498291, 11.45436954498291, 11.45436954498291, 11.43563175201416, 11.45436954498291, 11.45436954498291]"
35,"[11.45436954498291, 11.473170280456543, 11.473170280456543, 11.549365043640137, 11.549365043640137, 11.549365043640137, 11.549365043640137, 11.549365043640137, 11.549365043640137, 11.549365043640137, 11.549365043640137, 11.549365043640137, 11.549365043640137, 11.549365043640137, 11.530315399169922, 11.549365043640137, 11.549365043640137, 11.549365043640137, 11.549365043640137, 11.549365043640137, 11.549365043640137, 11.56847858428955, 11.549365043640137, 11.549365043640137, 11.549365043640137, 11.549365043640137, 11.549365043640137, 11.549365043640137, 11.549365043640137, 11.549365043640137, 11.549365043640137, 11.549365043640137, 11.549365043640137, 11.549365043640137, 11.549365043640137, 11.549365043640137, 11.549365043640137, 11.549365043640137, 11.530315399169922, 11.492217063903809, 11.492217063903809, 11.511140823364258, 11.473170280456543, 11.492217063903809, 11.473170280456543, 11.530315399169922, 11.530315399169922, 11.549365043640137, 11.549365043640137, 11.549365043640137, 11.549365043640137, 11.549365043640137, 11.530315399169922, 11.530315399169922, 11.549365043640137, 11.549365043640137, 11.549365043640137, 11.549365043640137, 11.511140823364258, 11.511140823364258, 11.530315399169922, 11.492217063903809, 11.492217063903809, 11.492217063903809, 11.511140823364258, 11.473170280456543, 11.473170280456543, 11.45436954498291, 11.473170280456543, 11.511140823364258, 11.549365043640137, 11.549365043640137, 11.549365043640137, 11.549365043640137, 11.549365043640137]"
36,"[11.530315399169922, 11.530315399169922, 11.530315399169922, 11.549365043640137, 11.511140823364258, 11.549365043640137, 11.549365043640137, 11.58784294128418, 11.549365043640137, 11.56847858428955, 11.56847858428955, 11.56847858428955, 11.549365043640137, 11.607084274291992, 11.58784294128418, 11.58784294128418, 11.58784294128418, 11.58784294128418, 11.626579284667969, 11.626579284667969, 11.607084274291992, 11.626579284667969, 11.607084274291992, 11.645949363708496, 11.626579284667969, 11.626579284667969, 11.645949363708496, 11.626579284667969, 11.645949363708496, 11.607084274291992, 11.645949363708496, 11.645949363708496, 11.665384292602539, 11.665384292602539, 11.70464038848877, 11.744162559509277, 11.744162559509277, 11.744162559509277, 11.803849220275879, 11.803849220275879, 11.82401180267334, 11.844045639038086, 11.844045639038086, 11.844045639038086, 11.844045639038086, 11.844045639038086, 11.844045639038086, 11.844045639038086, 11.86414623260498, 11.844045639038086, 11.844045639038086, 11.844045639038086, 11.844045639038086, 11.82401180267334, 11.763927459716797, 11.783950805664062, 11.763927459716797, 11.744162559509277, 11.744162559509277, 11.744162559509277, 11.744162559509277, 11.744162559509277, 11.70464038848877, 11.685074806213379, 11.685074806213379, 11.645949363708496, 11.685074806213379, 11.665384292602539, 11.70464038848877, 11.645949363708496, 11.645949363708496, 11.645949363708496, 11.645949363708496, 11.645949363708496, 11.645949363708496]"
37,"[11.645949363708496, 11.645949363708496, 11.645949363708496, 11.645949363708496, 11.626579284667969, 11.626579284667969, 11.58784294128418, 11.549365043640137, 11.549365043640137, 11.549365043640137, 11.549365043640137, 11.549365043640137, 11.549365043640137, 11.530315399169922, 11.492217063903809, 11.45436954498291, 11.45436954498291, 11.45436954498291, 11.45436954498291, 11.45436954498291, 11.45436954498291, 11.416770935058594, 11.379419326782227, 11.360925674438477, 11.360925674438477, 11.360925674438477, 11.360925674438477, 11.360925674438477, 11.342491149902344, 11.305622100830078, 11.287188529968262, 11.26899242401123, 11.250855445861816, 11.250855445861816, 11.26899242401123, 11.250855445861816, 11.232598304748535, 11.196440696716309, 11.178535461425781, 11.178535461425781, 11.178535461425781, 11.178535461425781, 11.160688400268555, 11.107139587402344, 11.142723083496094, 11.107139587402344, 11.089520454406738, 11.071954727172852, 11.089520454406738, 11.036820411682129, 11.071954727172852, 11.01925277709961, 11.001909255981445, 11.001909255981445, 11.001909255981445, 11.001909255981445, 10.967218399047852, 10.932744979858398, 10.91567325592041, 10.91567325592041, 10.984621047973633, 10.91567325592041, 10.95003890991211, 10.932744979858398, 10.91567325592041, 10.91567325592041, 10.91567325592041, 10.91567325592041, 10.91567325592041, 10.881523132324219, 10.830778121948242, 10.881523132324219, 10.881523132324219, 10.881523132324219, 10.91567325592041]"
38,"[10.91567325592041, 10.881523132324219, 10.86461067199707, 10.881523132324219, 10.830778121948242, 10.830778121948242, 10.830778121948242, 10.830778121948242, 10.780505180358887, 10.747193336486816, 10.747193336486816, 10.747193336486816, 10.747193336486816, 10.747193336486816, 10.747193336486816, 10.747193336486816, 10.747193336486816, 10.747193336486816, 10.747193336486816, 10.747193336486816, 10.747193336486816, 10.747193336486816, 10.747193336486816, 10.747193336486816, 10.730695724487305, 10.747193336486816, 10.747193336486816, 10.747193336486816, 10.730695724487305, 10.730695724487305, 10.714088439941406, 10.681184768676758, 10.747193336486816, 10.681184768676758, 10.681184768676758, 10.697691917419434, 10.697691917419434, 10.697691917419434, 10.697691917419434, 10.747193336486816, 10.697691917419434, 10.730695724487305, 10.714088439941406, 10.730695724487305, 10.714088439941406, 10.681184768676758, 10.681184768676758, 10.681184768676758, 10.664889335632324, 10.681184768676758, 10.697691917419434, 10.681184768676758, 10.714088439941406, 10.681184768676758, 10.664889335632324, 10.730695724487305, 10.664889335632324, 10.747193336486816, 10.681184768676758, 10.681184768676758, 10.697691917419434, 10.664889335632324, 10.697691917419434, 10.697691917419434, 10.714088439941406, 10.681184768676758, 10.714088439941406, 10.730695724487305, 10.747193336486816, 10.747193336486816, 10.747193336486816, 10.747193336486816, 10.763742446899414, 10.747193336486816, 10.747193336486816]"
39,"[10.763742446899414, 10.747193336486816, 10.747193336486816, 10.780505180358887, 10.8140230178833, 10.79715633392334, 10.830778121948242, 10.8140230178833, 10.8140230178833, 10.763742446899414, 10.8140230178833, 10.830778121948242, 10.830778121948242, 10.830778121948242, 10.830778121948242, 10.830778121948242, 10.830778121948242, 10.830778121948242, 10.830778121948242, 10.830778121948242, 10.830778121948242, 10.79715633392334, 10.780505180358887, 10.79715633392334, 10.830778121948242, 10.830778121948242, 10.830778121948242, 10.830778121948242, 10.830778121948242, 10.830778121948242, 10.830778121948242, 10.830778121948242, 10.830778121948242, 10.8140230178833, 10.830778121948242, 10.8140230178833, 10.830778121948242, 10.830778121948242, 10.830778121948242, 10.830778121948242, 10.830778121948242, 10.830778121948242, 10.830778121948242, 10.86461067199707, 10.847585678100586, 10.847585678100586, 10.86461067199707, 10.881523132324219, 10.830778121948242, 10.86461067199707, 10.91567325592041, 10.91567325592041, 10.91567325592041, 10.91567325592041, 10.91567325592041, 10.91567325592041, 10.91567325592041, 10.91567325592041, 10.91567325592041, 10.91567325592041, 10.91567325592041, 10.89865493774414, 10.89865493774414, 10.89865493774414, 10.89865493774414, 10.881523132324219, 10.86461067199707, 10.847585678100586, 10.830778121948242, 10.830778121948242, 10.830778121948242, 10.830778121948242, 10.830778121948242, 10.830778121948242, 10.830778121948242]"
40,"[10.830778121948242, 10.830778121948242, 10.79715633392334, 10.79715633392334, 10.79715633392334, 10.79715633392334, 10.780505180358887, 10.8140230178833, 10.79715633392334, 10.8140230178833, 10.8140230178833, 10.8140230178833, 10.830778121948242, 10.8140230178833, 10.79715633392334, 10.763742446899414, 10.830778121948242, 10.8140230178833, 10.830778121948242, 10.8140230178833, 10.830778121948242, 10.8140230178833, 10.830778121948242, 10.830778121948242, 10.830778121948242, 10.830778121948242, 10.830778121948242, 10.8140230178833, 10.8140230178833, 10.830778121948242, 10.830778121948242, 10.830778121948242, 10.8140230178833, 10.830778121948242, 10.8140230178833, 10.830778121948242, 10.8140230178833, 10.8140230178833, 10.780505180358887, 10.79715633392334, 10.79715633392334, 10.79715633392334, 10.8140230178833, 10.780505180358887, 10.8140230178833, 10.780505180358887, 10.8140230178833, 10.763742446899414, 10.79715633392334, 10.79715633392334, 10.79715633392334, 10.79715633392334, 10.830778121948242, 10.780505180358887, 10.830778121948242, 10.79715633392334, 10.780505180358887, 10.79715633392334, 10.79715633392334, 10.763742446899414, 10.830778121948242, 10.79715633392334, 10.830778121948242, 10.830778121948242, 10.830778121948242, 10.830778121948242, 10.8140230178833, 10.8140230178833, 10.830778121948242, 10.830778121948242, 10.830778121948242, 10.830778121948242, 10.830778121948242, 10.830778121948242, 10.830778121948242]"
41,"[10.830778121948242, 10.830778121948242, 10.830778121948242, 10.830778121948242, 10.830778121948242, 10.830778121948242, 10.830778121948242, 10.830778121948242, 10.8140230178833, 10.830778121948242, 10.830778121948242, 10.830778121948242, 10.830778121948242, 10.830778121948242, 10.8140230178833, 10.830778121948242, 10.830778121948242, 10.79715633392334, 10.79715633392334, 10.79715633392334, 10.79715633392334, 10.763742446899414, 10.79715633392334, 10.79715633392334, 10.763742446899414, 10.763742446899414, 10.747193336486816, 10.747193336486816, 10.747193336486816, 10.747193336486816, 10.747193336486816, 10.747193336486816, 10.747193336486816, 10.780505180358887, 10.747193336486816, 10.747193336486816, 10.747193336486816, 10.747193336486816, 10.747193336486816, 10.747193336486816, 10.730695724487305, 10.747193336486816, 10.747193336486816, 10.747193336486816, 10.747193336486816, 10.747193336486816, 10.747193336486816, 10.747193336486816, 10.747193336486816, 10.747193336486816, 10.730695724487305, 10.730695724487305, 10.747193336486816, 10.714088439941406, 10.747193336486816, 10.664889335632324, 10.681184768676758, 10.697691917419434, 10.681184768676758, 10.697691917419434, 10.714088439941406, 10.730695724487305, 10.714088439941406, 10.714088439941406, 10.714088439941406, 10.730695724487305, 10.747193336486816, 10.747193336486816, 10.747193336486816, 10.763742446899414, 10.780505180358887, 10.8140230178833, 10.830778121948242, 10.830778121948242, 10.830778121948242]"
42,"[10.830778121948242, 10.830778121948242, 10.830778121948242, 10.830778121948242, 10.830778121948242, 10.830778121948242, 10.830778121948242, 10.830778121948242, 10.847585678100586, 10.847585678100586, 10.847585678100586, 10.881523132324219, 10.91567325592041, 10.881523132324219, 10.847585678100586, 10.86461067199707, 10.89865493774414, 10.86461067199707, 10.881523132324219, 10.91567325592041, 10.86461067199707, 10.89865493774414, 10.881523132324219, 10.86461067199707, 10.830778121948242, 10.830778121948242, 10.830778121948242, 10.830778121948242, 10.830778121948242, 10.8140230178833, 10.830778121948242, 10.79715633392334, 10.830778121948242, 10.8140230178833, 10.780505180358887, 10.79715633392334, 10.79715633392334, 10.747193336486816, 10.747193336486816, 10.747193336486816, 10.747193336486816, 10.747193336486816, 10.747193336486816, 10.730695724487305, 10.747193336486816, 10.714088439941406, 10.730695724487305, 10.747193336486816, 10.747193336486816, 10.747193336486816, 10.747193336486816, 10.681184768676758, 10.714088439941406, 10.664889335632324, 10.681184768676758, 10.664889335632324, 10.681184768676758, 10.681184768676758, 10.664889335632324, 10.681184768676758, 10.697691917419434, 10.681184768676758, 10.714088439941406, 10.714088439941406, 10.664889335632324, 10.697691917419434, 10.664889335632324, 10.681184768676758, 10.664889335632324, 10.664889335632324, 10.664889335632324, 10.664889335632324, 10.664889335632324, 10.664889335632324, 10.664889335632324]"
43,"[10.664889335632324, 10.664889335632324, 10.664889335632324, 10.632287979125977, 10.599884986877441, 10.616141319274902, 10.616141319274902, 10.616141319274902, 10.616141319274902, 10.58383560180664, 10.632287979125977, 10.58383560180664, 10.58383560180664, 10.58383560180664, 10.58383560180664, 10.58383560180664, 10.58383560180664, 10.58383560180664, 10.567835807800293, 10.535823822021484, 10.58383560180664, 10.567835807800293, 10.567835807800293, 10.58383560180664, 10.58383560180664, 10.58383560180664, 10.567835807800293, 10.551727294921875, 10.535823822021484, 10.51981258392334, 10.567835807800293, 10.504005432128906, 10.504005432128906, 10.504005432128906, 10.504005432128906, 10.504005432128906, 10.504005432128906, 10.504005432128906, 10.44094181060791, 10.44094181060791, 10.456713676452637, 10.425370216369629, 10.425370216369629, 10.44094181060791, 10.425370216369629, 10.425370216369629, 10.425370216369629, 10.425370216369629, 10.409844398498535, 10.409844398498535, 10.425370216369629, 10.409844398498535, 10.425370216369629, 10.394214630126953, 10.394214630126953, 10.34790325164795, 10.36324405670166, 10.34790325164795, 10.36324405670166, 10.34790325164795, 10.34790325164795, 10.34790325164795, 10.34790325164795, 10.34790325164795, 10.33260726928711, 10.34790325164795, 10.317208290100098, 10.33260726928711, 10.33260726928711, 10.302002906799316, 10.302002906799316, 10.286694526672363, 10.286694526672363, 10.302002906799316, 10.271578788757324]"
44,"[10.271578788757324, 10.271578788757324, 10.256508827209473, 10.271578788757324, 10.271578788757324, 10.271578788757324, 10.271578788757324, 10.256508827209473, 10.196372985839844, 10.211267471313477, 10.211267471313477, 10.211267471313477, 10.211267471313477, 10.196372985839844, 10.196372985839844, 10.211267471313477, 10.196372985839844, 10.196372985839844, 10.196372985839844, 10.196372985839844, 10.196372985839844, 10.196372985839844, 10.196372985839844, 10.196372985839844, 10.196372985839844, 10.196372985839844, 10.196372985839844, 10.196372985839844, 10.196372985839844, 10.196372985839844, 10.196372985839844, 10.196372985839844, 10.196372985839844, 10.196372985839844, 10.196372985839844, 10.181522369384766, 10.181522369384766, 10.196372985839844, 10.151803970336914, 10.181522369384766, 10.151803970336914, 10.122260093688965, 10.122260093688965, 10.13693904876709, 10.122260093688965, 10.122260093688965, 10.122260093688965, 10.122260093688965, 10.107624053955078, 10.107624053955078, 10.092886924743652, 10.078335762023926, 10.049217224121094, 10.049217224121094, 10.049217224121094, 10.063684463500977, 10.049217224121094, 10.049217224121094, 10.049217224121094, 10.049217224121094, 10.020265579223633, 10.020265579223633, 9.977219581604004, 10.005922317504883, 9.977219581604004, 9.977219581604004, 9.963000297546387, 9.977219581604004, 9.977219581604004, 9.977219581604004, 9.991480827331543, 9.977219581604004, 9.977219581604004, 9.977219581604004, 9.977219581604004]"
45,"[9.977219581604004, 9.977219581604004, 9.963000297546387, 9.948680877685547, 9.934542655944824, 9.963000297546387, 9.963000297546387, 9.948680877685547, 9.948680877685547, 9.920306205749512, 9.948680877685547, 9.948680877685547, 9.920306205749512, 9.920306205749512, 9.948680877685547, 9.920306205749512, 9.920306205749512, 9.90624713897705, 9.90624713897705, 9.90624713897705, 9.90624713897705, 9.90624713897705, 9.892229080200195, 9.90624713897705, 9.892229080200195, 9.864173889160156, 9.83627700805664, 9.83627700805664, 9.83627700805664, 9.83627700805664, 9.83627700805664, 9.83627700805664, 9.83627700805664, 9.83627700805664, 9.822456359863281, 9.78095531463623, 9.78095531463623, 9.78095531463623, 9.767289161682129, 9.767289161682129, 9.767289161682129, 9.767289161682129, 9.767289161682129, 9.767289161682129, 9.753660202026367, 9.767289161682129, 9.739936828613281, 9.726385116577148, 9.739936828613281, 9.712738037109375, 9.726385116577148, 9.699261665344238, 9.699261665344238, 9.699261665344238, 9.699261665344238, 9.699261665344238, 9.699261665344238, 9.699261665344238, 9.699261665344238, 9.685821533203125, 9.685821533203125, 9.685821533203125, 9.67228889465332, 9.685821533203125, 9.645465850830078, 9.658924102783203, 9.63217544555664, 9.645465850830078, 9.63217544555664, 9.63217544555664, 9.63217544555664, 9.63217544555664, 9.618921279907227, 9.605573654174805, 9.579118728637695]"
46,"[9.579118728637695, 9.579118728637695, 9.579118728637695, 9.566010475158691, 9.566010475158691, 9.566010475158691, 9.566010475158691, 9.579118728637695, 9.592392921447754, 9.579118728637695, 9.566010475158691, 9.566010475158691, 9.579118728637695, 9.566010475158691, 9.566010475158691, 9.566010475158691, 9.566010475158691, 9.566010475158691, 9.566010475158691, 9.566010475158691, 9.566010475158691, 9.566010475158691, 9.552938461303711, 9.566010475158691, 9.526771545410156, 9.526771545410156, 9.513678550720215, 9.526771545410156, 9.500748634338379, 9.500748634338379, 9.500748634338379, 9.500748634338379, 9.500748634338379, 9.500748634338379, 9.500748634338379, 9.487853050231934, 9.462041854858398, 9.436370849609375, 9.436370849609375, 9.436370849609375, 9.436370849609375, 9.436370849609375, 9.436370849609375, 9.436370849609375, 9.436370849609375, 9.436370849609375, 9.436370849609375, 9.436370849609375, 9.423649787902832, 9.423649787902832, 9.436370849609375, 9.436370849609375, 9.436370849609375, 9.436370849609375, 9.398186683654785, 9.423649787902832, 9.436370849609375, 9.436370849609375, 9.423649787902832, 9.410839080810547, 9.398186683654785, 9.410839080810547, 9.423649787902832, 9.436370849609375, 9.410839080810547, 9.436370849609375, 9.423649787902832, 9.410839080810547, 9.436370849609375, 9.436370849609375, 9.423649787902832, 9.423649787902832, 9.423649787902832, 9.410839080810547, 9.410839080810547]"
47,"[9.436370849609375, 9.385443687438965, 9.398186683654785, 9.398186683654785, 9.385443687438965, 9.372859954833984, 9.385443687438965, 9.372859954833984, 9.372859954833984, 9.372859954833984, 9.372859954833984, 9.372859954833984, 9.360309600830078, 9.372859954833984, 9.372859954833984, 9.360309600830078, 9.372859954833984, 9.360309600830078, 9.335186958312988, 9.34766960144043, 9.335186958312988, 9.322614669799805, 9.372859954833984, 9.34766960144043, 9.310197830200195, 9.310197830200195, 9.310197830200195, 9.310197830200195, 9.310197830200195, 9.310197830200195, 9.310197830200195, 9.310197830200195, 9.310197830200195, 9.285343170166016, 9.273026466369629, 9.248368263244629, 9.273026466369629, 9.248368263244629, 9.248368263244629, 9.248368263244629, 9.22384262084961, 9.187355041503906, 9.199445724487305, 9.199445724487305, 9.187355041503906, 9.199445724487305, 9.187355041503906, 9.199445724487305, 9.187355041503906, 9.151155471801758, 9.127140998840332, 9.139073371887207, 9.127140998840332, 9.127140998840332, 9.127140998840332, 9.127140998840332, 9.127140998840332, 9.127140998840332, 9.091412544250488, 9.115239143371582, 9.091412544250488, 9.079488754272461, 9.103252410888672, 9.067710876464844, 9.091412544250488, 9.091412544250488, 9.067710876464844, 9.067710876464844, 9.091412544250488, 9.067710876464844, 9.079488754272461, 9.079488754272461, 9.091412544250488, 9.067710876464844, 9.067710876464844]"
48,"[9.067710876464844, 9.067710876464844, 9.067710876464844, 9.067710876464844, 9.067710876464844, 9.067710876464844, 9.067710876464844, 9.067710876464844, 9.067710876464844, 9.067710876464844, 9.044132232666016, 9.055964469909668, 9.067710876464844, 9.055964469909668, 9.03244686126709, 9.03244686126709, 9.020676612854004, 9.009051322937012, 9.009051322937012, 9.009051322937012, 9.009051322937012, 9.009051322937012, 9.009051322937012, 8.997454643249512, 8.9857759475708, 9.009051322937012, 8.9857759475708, 8.9857759475708, 8.974239349365234, 8.997454643249512, 8.9857759475708, 8.962620735168457, 8.951144218444824, 8.951144218444824, 8.951144218444824, 8.951144218444824, 8.951144218444824, 8.951144218444824, 8.951144218444824, 8.951144218444824, 8.939696311950684, 8.951144218444824, 8.951144218444824, 8.928166389465332, 8.916777610778809, 8.893977165222168, 8.893977165222168, 8.893977165222168, 8.893977165222168, 8.893977165222168, 8.893977165222168, 8.893977165222168, 8.882675170898438, 8.882675170898438, 8.871292114257812, 8.882675170898438, 8.860047340393066, 8.848722457885742, 8.848722457885742, 8.848722457885742, 8.837535858154297, 8.848722457885742, 8.837535858154297, 8.837535858154297, 8.837535858154297, 8.837535858154297, 8.837535858154297, 8.837535858154297, 8.837535858154297, 8.792852401733398, 8.815136909484863, 8.792852401733398, 8.781805992126465, 8.781805992126465, 8.781805992126465]"
49,"[8.770787239074707, 8.759688377380371, 8.770787239074707, 8.781805992126465, 8.770787239074707, 8.726774215698242, 8.759688377380371, 8.726774215698242, 8.726774215698242, 8.726774215698242, 8.726774215698242, 8.737682342529297, 8.726774215698242, 8.737682342529297, 8.737682342529297, 8.726774215698242, 8.759688377380371, 8.770787239074707, 8.770787239074707, 8.759688377380371, 8.759688377380371, 8.748724937438965, 8.770787239074707, 8.737682342529297, 8.770787239074707, 8.770787239074707, 8.781805992126465, 8.748724937438965, 8.759688377380371, 8.759688377380371, 8.748724937438965, 8.737682342529297, 8.726774215698242, 8.726774215698242, 8.726774215698242, 8.726774215698242, 8.726774215698242, 8.726774215698242, 8.726774215698242, 8.726774215698242, 8.726774215698242, 8.726774215698242, 8.726774215698242, 8.715893745422363, 8.726774215698242, 8.726774215698242, 8.726774215698242, 8.715893745422363, 8.726774215698242, 8.726774215698242, 8.726774215698242, 8.715893745422363, 8.694106101989746, 8.694106101989746, 8.683201789855957, 8.694106101989746, 8.672429084777832, 8.683201789855957, 8.672429084777832, 8.672429084777832, 8.672429084777832, 8.672429084777832, 8.672429084777832, 8.672429084777832, 8.672429084777832, 8.672429084777832, 8.661683082580566, 8.672429084777832, 8.672429084777832, 8.672429084777832, 8.672429084777832, 8.672429084777832, 8.672429084777832, 8.672429084777832, 8.672429084777832]"
50,"[8.672429084777832, 8.672429084777832, 8.672429084777832, 8.672429084777832, 8.661683082580566, 8.661683082580566, 8.672429084777832, 8.672429084777832, 8.661683082580566, 8.661683082580566, 8.661683082580566, 8.661683082580566, 8.640165328979492, 8.62939453125, 8.62939453125, 8.618755340576172, 8.618755340576172, 8.618755340576172, 8.618755340576172, 8.618755340576172, 8.618755340576172, 8.618755340576172, 8.618755340576172, 8.618755340576172, 8.618755340576172, 8.618755340576172, 8.608141899108887, 8.608141899108887, 8.618755340576172, 8.608141899108887, 8.58689022064209, 8.58689022064209, 8.565741539001465, 8.565741539001465, 8.576251983642578, 8.565741539001465, 8.565741539001465, 8.565741539001465, 8.565741539001465, 8.565741539001465, 8.565741539001465, 8.565741539001465, 8.565741539001465, 8.576251983642578, 8.565741539001465, 8.565741539001465, 8.565741539001465, 8.565741539001465, 8.565741539001465, 8.565741539001465, 8.565741539001465, 8.565741539001465, 8.565741539001465, 8.555259704589844, 8.565741539001465, 8.565741539001465, 8.555259704589844, 8.565741539001465, 8.555259704589844, 8.555259704589844, 8.555259704589844, 8.565741539001465, 8.565741539001465, 8.565741539001465, 8.565741539001465, 8.565741539001465, 8.565741539001465, 8.576251983642578, 8.565741539001465, 8.576251983642578, 8.576251983642578, 8.597451210021973, 8.608141899108887, 8.618755340576172, 8.618755340576172]"
51,"[8.618755340576172, 8.618755340576172, 8.618755340576172, 8.618755340576172, 8.618755340576172, 8.608141899108887, 8.618755340576172, 8.608141899108887, 8.608141899108887, 8.597451210021973, 8.608141899108887, 8.58689022064209, 8.576251983642578, 8.58689022064209, 8.565741539001465, 8.565741539001465, 8.576251983642578, 8.576251983642578, 8.565741539001465, 8.576251983642578, 8.565741539001465, 8.565741539001465, 8.565741539001465, 8.565741539001465, 8.565741539001465, 8.565741539001465, 8.565741539001465, 8.565741539001465, 8.565741539001465, 8.565741539001465, 8.565741539001465, 8.565741539001465, 8.565741539001465, 8.565741539001465, 8.565741539001465, 8.58689022064209, 8.576251983642578, 8.576251983642578, 8.576251983642578, 8.58689022064209, 8.597451210021973, 8.58689022064209, 8.565741539001465, 8.58689022064209, 8.58689022064209, 8.58689022064209, 8.565741539001465, 8.565741539001465, 8.576251983642578, 8.565741539001465, 8.565741539001465, 8.565741539001465, 8.565741539001465, 8.565741539001465, 8.565741539001465, 8.565741539001465, 8.555259704589844, 8.53426742553711, 8.53426742553711, 8.544698715209961, 8.555259704589844, 8.53426742553711, 8.513378143310547, 8.513378143310547, 8.513378143310547, 8.513378143310547, 8.513378143310547, 8.513378143310547, 8.513378143310547, 8.513378143310547, 8.523758888244629, 8.513378143310547, 8.513378143310547, 8.513378143310547, 8.513378143310547]"
52,"[8.513378143310547, 8.513378143310547, 8.513378143310547, 8.503022193908691, 8.503022193908691, 8.503022193908691, 8.471904754638672, 8.471904754638672, 8.49259090423584, 8.461649894714355, 8.461649894714355, 8.471904754638672, 8.461649894714355, 8.461649894714355, 8.451419830322266, 8.451419830322266, 8.451419830322266, 8.451419830322266, 8.41054630279541, 8.430932998657227, 8.44111442565918, 8.430932998657227, 8.420677185058594, 8.41054630279541, 8.41054630279541, 8.420677185058594, 8.41054630279541, 8.41054630279541, 8.41054630279541, 8.41054630279541, 8.41054630279541, 8.41054630279541, 8.400439262390137, 8.41054630279541, 8.400439262390137, 8.400439262390137, 8.380199432373047, 8.380199432373047, 8.37006664276123, 8.360055923461914, 8.380199432373047, 8.360055923461914, 8.360055923461914, 8.360055923461914, 8.350069999694824, 8.360055923461914, 8.350069999694824, 8.340010643005371, 8.320059776306152, 8.340010643005371, 8.310168266296387, 8.310168266296387, 8.310168266296387, 8.310168266296387, 8.310168266296387, 8.310168266296387, 8.310168266296387, 8.300301551818848, 8.290361404418945, 8.280540466308594, 8.260872840881348, 8.280540466308594, 8.270647048950195, 8.260872840881348, 8.260872840881348, 8.260872840881348, 8.260872840881348, 8.260872840881348, 8.260872840881348, 8.260872840881348, 8.260872840881348, 8.260872840881348, 8.260872840881348, 8.25112247467041, 8.25112247467041]"
53,"[8.260872840881348, 8.260872840881348, 8.260872840881348, 8.260872840881348, 8.260872840881348, 8.241299629211426, 8.241299629211426, 8.25112247467041, 8.231595039367676, 8.221817970275879, 8.212159156799316, 8.212159156799316, 8.231595039367676, 8.25112247467041, 8.25112247467041, 8.221817970275879, 8.231595039367676, 8.221817970275879, 8.231595039367676, 8.212159156799316, 8.212159156799316, 8.221817970275879, 8.212159156799316, 8.221817970275879, 8.212159156799316, 8.212159156799316, 8.212159156799316, 8.212159156799316, 8.212159156799316, 8.212159156799316, 8.212159156799316, 8.212159156799316, 8.212159156799316, 8.212159156799316, 8.212159156799316, 8.212159156799316, 8.212159156799316, 8.212159156799316, 8.212159156799316, 8.212159156799316, 8.212159156799316, 8.212159156799316, 8.212159156799316, 8.212159156799316, 8.212159156799316, 8.212159156799316, 8.212159156799316, 8.212159156799316, 8.212159156799316, 8.212159156799316, 8.212159156799316, 8.212159156799316, 8.212159156799316, 8.212159156799316, 8.221817970275879, 8.212159156799316, 8.212159156799316, 8.221817970275879, 8.241299629211426, 8.260872840881348, 8.25112247467041, 8.25112247467041, 8.260872840881348, 8.260872840881348, 8.260872840881348, 8.260872840881348, 8.260872840881348, 8.260872840881348, 8.260872840881348, 8.260872840881348, 8.290361404418945, 8.290361404418945, 8.280540466308594, 8.270647048950195, 8.300301551818848]"
